texture_name,sha1,subfolder_1,subfolder_2,filename
022016,80eead553eb043e00eb83a36a6e81cf76483f1e4,r_vr_b,938922,022016.png
022016,80eead553eb043e00eb83a36a6e81cf76483f1e4,r_vr_r,938922,022016.png
022016,80eead553eb043e00eb83a36a6e81cf76483f1e4,r_vr_s,938922,022016.png
032016,d64f0b3840f1b1079552cc8f0ef7e5ae11d7b71b,r_vr_b,938922,032016.png
032016,d64f0b3840f1b1079552cc8f0ef7e5ae11d7b71b,r_vr_r,938922,032016.png
032016,d64f0b3840f1b1079552cc8f0ef7e5ae11d7b71b,r_vr_s,938922,032016.png
072016,e342d35efc2bafd940aaa6f6d10362e45a4f9747,r_vr_b,938922,072016.png
072016,e342d35efc2bafd940aaa6f6d10362e45a4f9747,r_vr_r,938922,072016.png
072016,e342d35efc2bafd940aaa6f6d10362e45a4f9747,r_vr_s,938922,072016.png
09f56f,a629c37d80fe1cf051b155f7eb2ccf79e389cc0c,tr01a,fc06e8,09f56f.png
09f56f,a629c37d80fe1cf051b155f7eb2ccf79e389cc0c,tr02a,fc06e8,09f56f.png
09f56f,a629c37d80fe1cf051b155f7eb2ccf79e389cc0c,tr03a,fc06e8,09f56f.png
09f56f,a629c37d80fe1cf051b155f7eb2ccf79e389cc0c,tr04a,fc06e8,09f56f.png
09f56f,a629c37d80fe1cf051b155f7eb2ccf79e389cc0c,tr05a,fc06e8,09f56f.png
1f2016,48ee73b1e1be0d0b1714ad7f1d2a6808912f9093,r_vr_b,938922,1f2016.png
1f2016,48ee73b1e1be0d0b1714ad7f1d2a6808912f9093,r_vr_r,938922,1f2016.png
1f2016,48ee73b1e1be0d0b1714ad7f1d2a6808912f9093,r_vr_s,938922,1f2016.png
202016,55cfe2964976ab96f6d4d427fafe00ffbb0227b0,r_vr_b,938922,202016.png
202016,55cfe2964976ab96f6d4d427fafe00ffbb0227b0,r_vr_r,938922,202016.png
202016,55cfe2964976ab96f6d4d427fafe00ffbb0227b0,r_vr_s,938922,202016.png
212016,e9e1f89b4f52f5480cbaa972493d727aaead25e1,r_vr_b,938922,212016.png
212016,e9e1f89b4f52f5480cbaa972493d727aaead25e1,r_vr_r,938922,212016.png
212016,e9e1f89b4f52f5480cbaa972493d727aaead25e1,r_vr_s,938922,212016.png
222016,6bc31cf701cf39a1375ec7da2c9ce27763b1af08,r_vr_b,938922,222016.png
222016,6bc31cf701cf39a1375ec7da2c9ce27763b1af08,r_vr_r,938922,222016.png
222016,6bc31cf701cf39a1375ec7da2c9ce27763b1af08,r_vr_s,938922,222016.png
242016,fdcd0b4090cc28408648bca1ca5391ac1832d990,r_vr_b,938922,242016.png
242016,fdcd0b4090cc28408648bca1ca5391ac1832d990,r_vr_r,938922,242016.png
242016,fdcd0b4090cc28408648bca1ca5391ac1832d990,r_vr_s,938922,242016.png
47f0ee,4d39285320efa2942bebef080275f969ddd747b6,trmenu0,927bc4,47f0ee.png
491714,257dda1ab6c9ebbef6a0c4a1624b13d7339a4820,tr01a,42470c,491714.png
491714,257dda1ab6c9ebbef6a0c4a1624b13d7339a4820,tr02a,42470c,491714.png
491714,257dda1ab6c9ebbef6a0c4a1624b13d7339a4820,tr03a,42470c,491714.png
491714,257dda1ab6c9ebbef6a0c4a1624b13d7339a4820,tr04a,42470c,491714.png
491714,257dda1ab6c9ebbef6a0c4a1624b13d7339a4820,tr05a,42470c,491714.png
590660,0978574bd4f462225d1e039130cb59d8e3895267,trmenu1,6b7156,590660.png
60b04d,e875c1de2ab2f07a67e331039baa42c2e0dc4d0e,trmenu1,6b7156,60b04d.png
6797fe,316245a1478c94b8ddedebbcf74809c3d56b0df2,trmenu0,927bc4,6797fe.png
6a3893,6c12701ae54c74f3116c229f512642e4b22017d4,trmenu1,6b7156,6a3893.png
6a3893,e818853044435e53b7b5443162273ec5bf8aef2a,trmenu0,6b7156,6a3893.png
6b325b,3299c4f9725f5f1d6521f0ebcd1fe101f434b6fc,trmenu1,6b7156,6b325b.png
6b325b,4936a5133092a4ba740dccb97fd95a24cc947719,trmenu0,6b7156,6b325b.png
6d84e7,9d788d418bfc7de85c7f26df1c4004eef98a4ec5,trmenu0,927bc4,6d84e7.png
7de736,2bc8f560351010107dbee063d5a2082d0893df23,trmenu1,6b7156,7de736.png
80c7dc,0a189290ca494e7c5fdd8c0ad806597a50e3f3a2,tr01a,fc06e8,80c7dc.png
80c7dc,0a189290ca494e7c5fdd8c0ad806597a50e3f3a2,tr02a,fc06e8,80c7dc.png
80c7dc,0a189290ca494e7c5fdd8c0ad806597a50e3f3a2,tr03a,fc06e8,80c7dc.png
80c7dc,0a189290ca494e7c5fdd8c0ad806597a50e3f3a2,tr04a,fc06e8,80c7dc.png
80c7dc,0a189290ca494e7c5fdd8c0ad806597a50e3f3a2,tr05a,fc06e8,80c7dc.png
80c7dc,18390f4a06adf8daa1b440a9e8c2c1d4c4762f84,tr01a,42470c,80c7dc.png
80c7dc,18390f4a06adf8daa1b440a9e8c2c1d4c4762f84,tr02a,42470c,80c7dc.png
80c7dc,18390f4a06adf8daa1b440a9e8c2c1d4c4762f84,tr03a,42470c,80c7dc.png
80c7dc,18390f4a06adf8daa1b440a9e8c2c1d4c4762f84,tr04a,42470c,80c7dc.png
80c7dc,18390f4a06adf8daa1b440a9e8c2c1d4c4762f84,tr05a,42470c,80c7dc.png
80c7dc,18390f4a06adf8daa1b440a9e8c2c1d4c4762f84,trmenu1,6b7156,80c7dc.png
89f783,298d8a592c0a6be173f2c2965ed35e2ede44b2a5,trmenu0,927bc4,89f783.png
8ac7bc,0af59a3a2eb2b08318aa2d08d59a2b0317387447,tr01a,42470c,8ac7bc.png
8ac7bc,0af59a3a2eb2b08318aa2d08d59a2b0317387447,tr02a,42470c,8ac7bc.png
8ac7bc,0af59a3a2eb2b08318aa2d08d59a2b0317387447,tr03a,42470c,8ac7bc.png
8ac7bc,0af59a3a2eb2b08318aa2d08d59a2b0317387447,tr04a,42470c,8ac7bc.png
8ac7bc,0af59a3a2eb2b08318aa2d08d59a2b0317387447,tr05a,42470c,8ac7bc.png
8ac7bc,0af59a3a2eb2b08318aa2d08d59a2b0317387447,trmenu0,6b7156,8ac7bc.png
8ac7bc,0af59a3a2eb2b08318aa2d08d59a2b0317387447,trmenu1,6b7156,8ac7bc.png
8ac7bc,158bc685bf6401e19488a58bfa8a31eebf5d220c,tr01a,fc06e8,8ac7bc.png
8ac7bc,158bc685bf6401e19488a58bfa8a31eebf5d220c,tr02a,fc06e8,8ac7bc.png
8ac7bc,158bc685bf6401e19488a58bfa8a31eebf5d220c,tr03a,fc06e8,8ac7bc.png
8ac7bc,158bc685bf6401e19488a58bfa8a31eebf5d220c,tr04a,fc06e8,8ac7bc.png
8ac7bc,158bc685bf6401e19488a58bfa8a31eebf5d220c,tr05a,fc06e8,8ac7bc.png
960c15,f94a0372f60e5c4afcc8c526a63d0c77776b4130,r_vr_b,26e23e,960c15.png
960c15,f94a0372f60e5c4afcc8c526a63d0c77776b4130,r_vr_r,26e23e,960c15.png
960c15,f94a0372f60e5c4afcc8c526a63d0c77776b4130,r_vr_s,26e23e,960c15.png
97201d,56ad3ffa575a6992e817a832a5409cc1eb5ce900,tr05a,68c728,97201d.png
97201e,28bc0c2480e51eac6de1ce6f680c04090f1594e1,tr05a,68c728,97201e.png
97201f,41211bef7c0289cbdd6cb9f7e6473183afaa99cf,tr05a,68c728,97201f.png
972020,78f05f3d830ff8518b8eb495b143b4fec8019505,tr05a,68c728,972020.png
972021,af047365f03b0b8dd65f03e7ce1e3160763c40c4,tr05a,68c728,972021.png
a891e2,8963641ca9b36c70e67f585d7f98081e6c279767,r_vr_b,34de3f,a891e2.png
a891e2,8963641ca9b36c70e67f585d7f98081e6c279767,r_vr_r,34de3f,a891e2.png
a891e2,8963641ca9b36c70e67f585d7f98081e6c279767,r_vr_s,34de3f,a891e2.png
c2df96,4f30d4cbd6fc8f319fbea19e6e45625808d5985e,trmenu1,6b7156,c2df96.png
deeb31,6de7667d316b45e510c3035974c6c1f36684ff7e,trmenu0,6b7156,deeb31.png
deeb31,756062fc5f773a001b305b03ee9ea6642de4ad07,trmenu1,6b7156,deeb31.png
eb32b4,2af50a1734df0081b63ff4d40ded3bb846052e85,trmenu0,6b7156,eb32b4.png
eb32b4,cf7edb31321e2dbc3cdf5dabc39b19791effbf9b,trmenu1,6b7156,eb32b4.png
ec1ff1,189d4e49443416ada4231124d7878caa5e9b8499,tr01a,42470c,ec1ff1.png
ec1ff1,189d4e49443416ada4231124d7878caa5e9b8499,tr02a,42470c,ec1ff1.png
ec1ff1,189d4e49443416ada4231124d7878caa5e9b8499,tr03a,42470c,ec1ff1.png
ec1ff1,189d4e49443416ada4231124d7878caa5e9b8499,tr04a,42470c,ec1ff1.png
ec1ff1,189d4e49443416ada4231124d7878caa5e9b8499,tr05a,42470c,ec1ff1.png
ec1ff1,2bc8f560351010107dbee063d5a2082d0893df23,tr01a,fc06e8,ec1ff1.png
ec1ff1,2bc8f560351010107dbee063d5a2082d0893df23,tr02a,fc06e8,ec1ff1.png
ec1ff1,2bc8f560351010107dbee063d5a2082d0893df23,tr03a,fc06e8,ec1ff1.png
ec1ff1,2bc8f560351010107dbee063d5a2082d0893df23,tr04a,fc06e8,ec1ff1.png
ec1ff1,2bc8f560351010107dbee063d5a2082d0893df23,tr05a,fc06e8,ec1ff1.png
efa150,6f4adf9231b7d948165c49a81ad3e6a7aabb204b,r_vr_b,938922,efa150.png
efa150,6f4adf9231b7d948165c49a81ad3e6a7aabb204b,r_vr_r,938922,efa150.png
efa150,6f4adf9231b7d948165c49a81ad3e6a7aabb204b,r_vr_s,938922,efa150.png
f4e3ec,8d2c80e15cce882aec5e931fc22e750922fa4512,trmenu0,927bc4,f4e3ec.png
f647c7,2946143f01723411e1a091224495a8a76b0408fa,trmenu1,6b7156,f647c7.png
