path_0,path_1,path_2
w46a,883186,590302.png
w46a,883186,70206a.png
w45a,3c5701,1569d8.png
w45a,883186,590302.png
w45a,883186,70206a.png
w44a,883186,70206a.png
w44a,883186,590302.png
w43a,202085,266ace.png
w43a,202085,206ace.png
w43a,87f32c,75969e.png
w43a,883186,590302.png
w43a,883186,70206a.png
w42a,883186,590302.png
w42a,883186,70206a.png
w41a,883186,70206a.png
w41a,883186,590302.png
w32b,1a1ab0,7480b7.png
w32a,1a1ab0,7480b7.png
w31f,0e65d9,590302.png
w31f,0e65d9,70206a.png
w31d,883186,70206a.png
w31d,883186,590302.png
w31c,0e65d9,70206a.png
w31c,0e65d9,590302.png
w31b,883186,590302.png
w31b,883186,70206a.png
w31b,bf879b,eaea40.png
w31b,bf879b,eaea3e.png
w31b,bf879b,eaea3f.png
w31a,6b912d,c0d688.png
w31a,6b912d,25c616.png
w31a,883186,70206a.png
w31a,883186,590302.png
w28a,883186,70206a.png
w28a,883186,590302.png
w25d,883186,70206a.png
w25d,883186,590302.png
w25b,883186,70206a.png
w25b,883186,590302.png
w25a,1a1ab0,7480b7.png
w25a,883186,590302.png
w25a,883186,70206a.png
w24d,573de0,b3f9e2.png
w24d,573de0,c3f9e2.png
w24d,883186,590302.png
w24d,883186,70206a.png
w24c,883186,70206a.png
w24c,883186,590302.png
w24b,883186,590302.png
w24b,883186,70206a.png
w24b,89dc79,3d7b2a.png
w24a,883186,590302.png
w24a,883186,70206a.png
w23b,883186,590302.png
w23b,883186,70206a.png
w23a,883186,590302.png
w23a,883186,70206a.png
w22a,883186,590302.png
w22a,883186,70206a.png
w21b,883186,70206a.png
w21b,883186,590302.png
w21a,883186,590302.png
w21a,883186,70206a.png
w20d,883186,590302.png
w20d,883186,70206a.png
w20c,883186,590302.png
w20c,883186,70206a.png
w20b,883186,590302.png
w20b,883186,70206a.png
w20a,883186,590302.png
w20a,883186,70206a.png
w19a,883186,590302.png
w19a,883186,70206a.png
w18a,883186,590302.png
w18a,883186,70206a.png
w17a,1a1ab0,7480b7.png
w17a,883186,70206a.png
w17a,883186,590302.png
w16b,56a1b8,c9e498.png
w16b,883186,590302.png
w16b,883186,70206a.png
w16b,916a36,7b3d19.png
w16b,916a36,915d28.png
w16b,916a36,915d48.png
w16b,916a37,82d8f5.png
w16b,916a37,82d8f6.png
w16a,56a1b8,c9e498.png
w16a,883186,70206a.png
w16a,883186,590302.png
w16a,916a36,7b3d19.png
w16a,916a37,82d8f6.png
w16a,916a37,82d8f5.png
w15b,883186,590302.png
w15b,883186,70206a.png
w15a,883186,590302.png
w15a,883186,70206a.png
w14a,1a1ab0,7480b7.png
w14a,202085,266ace.png
w14a,202085,206ace.png
w14a,883186,590302.png
w14a,883186,70206a.png
w13b,883186,70206a.png
w13b,883186,590302.png
w13a,3c4ac1,dedf47.png
w13a,883186,590302.png
w13a,883186,70206a.png
w12c,883186,590302.png
w12c,883186,70206a.png
w12b,883186,70206a.png
w12b,883186,590302.png
w12a,883186,590302.png
w12a,883186,70206a.png
w11c,6b912d,25c612.png
w11c,895099,192435.png
w11b,895099,192435.png
w11a,202085,206ace.png
w11a,202085,266ace.png
w04c,715d80,ebc820.png
w04c,715d80,eec820.png
w04c,715d80,ecc820.png
w04c,715d80,edc820.png
w04b,715d80,ebc820.png
w04b,715d80,edc820.png
w04b,715d80,eec820.png
w04b,715d80,ecc820.png
w04a,3c46e1,0dc9d6.png
w04a,3c46e1,8bd643.png
w04a,3c46e1,a4d42d.png
w04a,573de0,45ab4e.png
w04a,715d80,eec820.png
w04a,715d80,ebc820.png
w04a,715d80,edc820.png
w04a,715d80,ecc820.png
w03b,715d80,ebc820.png
w03b,715d80,edc820.png
w03b,715d80,eec820.png
w03b,715d80,ecc820.png
w03b,883186,70206a.png
w03b,883186,590302.png
w03b,88d878,2cfb83.png
w03a,715d80,eec820.png
w03a,715d80,ebc820.png
w03a,715d80,ecc820.png
w03a,883186,590302.png
w03a,715d80,edc820.png
w03a,883186,70206a.png
w02a,715d80,ebc820.png
w02a,715d80,edc820.png
w02a,715d80,eec820.png
w02a,715d80,ecc820.png
w01f,019492,4af484.png
w01f,715d80,edc820.png
w01f,715d80,ecc820.png
w01f,715d80,ebc820.png
w01f,715d80,eec820.png
w01e,715d80,ebc820.png
w01e,715d80,eec820.png
w01e,715d80,edc820.png
w01e,715d80,ecc820.png
w01d,715d80,ecc820.png
w01d,715d80,edc820.png
w01d,715d80,ebc820.png
w01d,715d80,eec820.png
w01d,883186,590302.png
w01d,883186,70206a.png
w01d,c8db46,469886.png
w01c,715d80,eec820.png
w01c,715d80,ecc820.png
w01c,715d80,ebc820.png
w01c,883186,590302.png
w01c,715d80,edc820.png
w01c,883186,70206a.png
w01b,715d80,ebc820.png
w01b,715d80,ecc820.png
w01b,715d80,edc820.png
w01b,715d80,eec820.png
w01a,715d80,ecc820.png
w01a,715d80,eec820.png
w01a,715d80,ebc820.png
w01a,715d80,edc820.png
w00c,715d80,ebc820.png
w00c,715d80,edc820.png
w00c,715d80,eec820.png
w00c,715d80,ecc820.png
w00b,715d80,ecc820.png
w00b,715d80,edc820.png
w00b,715d80,eec820.png
w00b,715d80,ebc820.png
w00b,883186,70206a.png
w00b,883186,590302.png
w00a,202085,206ace.png
w00a,202085,266ace.png
w00a,715d80,ebc820.png
w00a,715d80,edc820.png
w00a,715d80,ecc820.png
w00a,883186,70206a.png
w00a,715d80,eec820.png
w00a,883186,590302.png
r_tnk0,34de3f,a891e2.png
r_tnk0,35cc30,9acad7.png
r_tnk0,a96518,93f737.png
r_sna_b,26f3e2,dbc1dd.png
r_sna_b,907874,15d707.png
r_sna_b,a96518,93f737.png
r_rai_b,26f3e2,dbc1dd.png
r_rai_b,907874,15d707.png
r_rai_b,a2cb54,70206a.png
r_rai_b,a96518,93f737.png
r_plt5,26e23e,960c15.png
r_plt5,a2cb54,70206a.png
r_plt5,a96518,93f737.png
r_plt4,26e23e,960c15.png
r_plt4,a2cb54,70206a.png
r_plt4,a96518,93f737.png
r_plt3,26e23e,960c15.png
r_plt3,34de3f,a891e2.png
r_plt3,a2cb54,70206a.png
r_plt3,a96518,93f737.png
r_plt2,26e23e,960c15.png
r_plt2,34de3f,a891e2.png
r_plt2,a2cb54,70206a.png
r_plt2,a96518,93f737.png
r_plt1,26e23e,960c15.png
r_plt1,34de3f,a891e2.png
r_plt1,a2cb54,70206a.png
r_plt1,a96518,93f737.png
r_plt0,26e23e,960c15.png
r_plt0,34de3f,a891e2.png
r_plt0,a2cb54,70206a.png
r_plt0,a96518,93f737.png
n_title,14de14,4a67e5.png
n_title,173443,5be756.png
n_title,37c94f,33b11d.png
n_title,37c94f,33a11d.png
n_title,6bcbb0,b6ea23.png
n_title,907874,15d707.png
n_title,abaaf5,1a8739.png
n_title,ac396b,924ea6.png
n_title,ac396b,4797dc.png
n_title,ac396b,944ea6.png
n_title,ac396b,4597dc.png
n_title,ac396b,4697dc.png
n_title,ac396b,934ea6.png
n_title,bbe697,09bc34.png
n_title,bbe697,07bc34.png
d14t,3c46e1,0dc9d6.png
d14t,3c46e1,8bd643.png
d14t,3c46e1,a4d42d.png
d12t3,573de0,7b32b4.png
d12t3,573de0,fc50c2.png
d10t,3c46e1,0dc9d6.png
d10t,3c46e1,8bd643.png
d10t,3c46e1,a4d42d.png
d10t,573de0,45ab4e.png
d082p01,53664a,292b6b.png
d082p01,53664a,0a78fd.png
d082p01,53664a,48898e.png
d082p01,53664a,26734d.png
d082p01,53664a,562b80.png
d082p01,53664a,417be7.png
d082p01,53664a,ce19cf.png
d082p01,53664a,881ef5.png
d082p01,53664a,a21e11.png
d078p01,3c5701,1569d8.png
d070p01,573de0,b3f9e2.png
d070p01,573de0,c3f9e2.png
d055p01,6b912d,c5c615.png
d053p01,3c5282,eaea3f.png
d053p01,3c5282,eaea40.png
d053p01,3c5282,eaea3e.png
d045p01,6b912d,e5c615.png
d036p03,6b912d,a5c612.png
d021p01,6b912d,65c612.png
d014p01,4e3204,82d8f5.png
d014p01,4e3204,82d8f6.png
d014p01,6b912d,85c612.png
d014p01,896457,7b3d19.png
d014p01,916a66,7b3d19.png
d014p01,916a66,915d48.png
d014p01,916a66,915d28.png
d014p01,c8b2f5,469886.png
d010p01,6b912d,e5c611.png
d010p01,6b912d,45c612.png
d005p01,743e57,c5c611.png
d001p02,2eedfb,26734d.png
d001p02,2eedfb,0a78fd.png
d001p02,2eedfb,ce19cf.png
d001p02,2eedfb,562b80.png
d001p02,2eedfb,48898e.png
d001p02,2eedfb,a21e11.png
d001p02,2eedfb,292b6b.png
d001p02,2eedfb,417be7.png
d001p02,2eedfb,881ef5.png
d001p01,745657,25c612.png
d001p01,745657,25c616.png
d001p01,745657,35c518.png
d001p01,745657,85c612.png
d001p01,745657,05c616.png
d001p01,745657,a5c612.png
d001p01,745657,a5c615.png
d001p01,745657,ce1022.png
d001p01,745657,65c612.png
d001p01,745657,c5c615.png
d001p01,745657,c5c612.png
d001p01,745657,45c612.png
d001p01,745657,e5c615.png
d001p01,745657,a5c616.png
